date,iso_week,close,volume,close_point_relative_normalization
2016-01-01,2016-00,434.33,36278900.0,0.0
2016-01-02,2016-00,433.44,30096600.0,-0.0020491331476065744
2016-01-03,2016-01,430.01,39633800.0,0.0
2016-01-04,2016-01,433.09,38477500.0,0.007162624125020223
2016-01-05,2016-01,431.96,34522600.0,0.0045347782609705956
2016-01-06,2016-01,429.11,34042500.0,-0.0020929745819864287
2016-01-07,2016-01,458.05,87562200.0,0.06520778586544496
2016-01-08,2016-01,453.23,56993000.0,0.05399874421525097
2016-01-09,2016-01,447.61,32278000.0,0.04092928071440194
2016-01-10,2016-02,447.99,35995900.0,0.0
2016-01-11,2016-02,448.43,40450000.0,0.0009821647804637568
2016-01-12,2016-02,435.69,115607000.0,-0.02745596999933042
2016-01-13,2016-02,432.37,173888000.0,-0.034866849706466696
2016-01-14,2016-02,430.31,43945500.0,-0.03946516663318378
2016-01-15,2016-02,364.33,153351000.0,-0.18674523984910385
2016-01-16,2016-02,387.54,120352000.0,-0.13493604767963563
2016-01-17,2016-03,382.3,45319600.0,0.0
2016-01-18,2016-03,387.17,54403900.0,0.012738686895108486
2016-01-19,2016-03,380.15,46819800.0,-0.00562385561077694
2016-01-20,2016-03,420.23,121720000.0,0.09921527596128699
2016-01-21,2016-03,410.26,68338000.0,0.07313628040805642
2016-01-22,2016-03,382.49,91546600.0,0.0004969918911850169
2016-01-23,2016-03,387.49,56247400.0,0.013575725869735766
2016-01-24,2016-04,402.97,54824800.0,0.0
2016-01-25,2016-04,391.73,59062400.0,-0.027892895252748406
2016-01-26,2016-04,392.15,58147000.0,-0.026850634042236532
2016-01-27,2016-04,394.97,47424400.0,-0.0198525944859419
2016-01-28,2016-04,380.29,59247900.0,-0.05628210536764522
2016-01-29,2016-04,379.47,86125300.0,-0.05831699630245424
2016-01-30,2016-04,378.25,30284400.0,-0.061344516961560513
2016-01-31,2016-05,368.77,37894300.0,0.0
2016-02-01,2016-05,373.06,51656700.0,0.011633267348211573
2016-02-02,2016-05,374.45,40378700.0,0.015402554437725424
2016-02-03,2016-05,369.95,45933400.0,0.003199826450090759
2016-02-04,2016-05,389.59,69285500.0,0.05645795482278926
2016-02-05,2016-05,386.55,43825000.0,0.04821433413780962
2016-02-06,2016-05,376.52,49249300.0,0.021015809312037392
2016-02-07,2016-06,376.62,37076300.0,0.0
2016-02-08,2016-06,373.45,47671100.0,-0.00841697201423186
2016-02-09,2016-06,376.03,55318500.0,-0.0015665657692104373
2016-02-10,2016-06,381.65,85130900.0,0.013355636981572827
2016-02-11,2016-06,379.65,74375600.0,0.008045244543571695
2016-02-12,2016-06,384.26,67042800.0,0.020285699113164357
2016-02-13,2016-06,391.86,61911700.0,0.040465190377569016
2016-02-14,2016-07,407.23,74469800.0,0.0
2016-02-15,2016-07,400.19,74070500.0,-0.017287527932618008
2016-02-16,2016-07,407.49,73093100.0,0.0006384598384205908
2016-02-17,2016-07,416.32,83193600.0,0.022321538197087598
2016-02-18,2016-07,422.37,76752600.0,0.03717800751418121
2016-02-19,2016-07,420.79,55711300.0,0.03329813618839483
2016-02-20,2016-07,437.16,93992100.0,0.07349654986125786
2016-02-21,2016-08,438.8,89820700.0,0.0
2016-02-22,2016-08,437.75,85385200.0,-0.0023928896991796123
2016-02-23,2016-08,420.74,85244900.0,-0.04115770282588882
2016-02-24,2016-08,424.95,67743700.0,-0.031563354603464044
2016-02-25,2016-08,424.54,70798000.0,-0.03249772105742932
2016-02-26,2016-08,432.15,61486000.0,-0.0151549680948041
2016-02-27,2016-08,432.52,41893600.0,-0.014311759343664576
2016-02-28,2016-09,433.5,53033400.0,0.0
2016-02-29,2016-09,437.7,60694700.0,0.009688581314878819
2016-03-01,2016-09,435.12,74895800.0,0.003737024221453389
2016-03-02,2016-09,423.99,74955300.0,-0.021937716262975804
2016-03-03,2016-09,421.65,100484000.0,-0.02733564013840839
2016-03-04,2016-09,410.94,90856100.0,-0.05204152249134952
2016-03-05,2016-09,400.57,135385000.0,-0.07596309111880051
2016-03-06,2016-10,407.71,91212500.0,0.0
2016-03-07,2016-10,414.32,85762400.0,0.016212503985676197
2016-03-08,2016-10,413.97,70311700.0,0.015354050673272779
2016-03-09,2016-10,414.86,70012300.0,0.017536974810527184
2016-03-10,2016-10,417.13,81022900.0,0.02310465772240078
2016-03-11,2016-10,421.69,73969700.0,0.03428907802114245
2016-03-12,2016-10,411.62,92712900.0,0.00959014986142126
2016-03-13,2016-11,414.06,74322800.0,0.0
2016-03-14,2016-11,416.44,95259400.0,0.005747959232961453
2016-03-15,2016-11,416.83,66781700.0,0.006689851712312178
2016-03-16,2016-11,417.01,65185800.0,0.007124571318166462
2016-03-17,2016-11,420.62,83528600.0,0.015843114524465074
2016-03-18,2016-11,409.55,104940000.0,-0.010892141235569697
2016-03-19,2016-11,410.44,58423000.0,-0.008742694295512776
2016-03-20,2016-12,413.75,45947900.0,0.0
2016-03-21,2016-12,413.31,61655400.0,-0.0010634441087613578
2016-03-22,2016-12,418.09,66813300.0,0.01048942598187308
2016-03-23,2016-12,418.04,61444200.0,0.01036858006042296
2016-03-24,2016-12,416.39,68346700.0,0.0063806646525679245
2016-03-25,2016-12,417.18,52560000.0,0.008290030211480337
2016-03-26,2016-12,417.94,44650400.0,0.010126888217522723
2016-03-27,2016-13,426.76,71229400.0,0.0
2016-03-28,2016-13,424.23,68522800.0,-0.005928390664542094
2016-03-29,2016-13,416.52,75411500.0,-0.02399475114818639
2016-03-30,2016-13,414.82,66034100.0,-0.02797825475677196
2016-03-31,2016-13,416.73,60215200.0,-0.023502671290655086
2016-04-01,2016-13,417.96,51235700.0,-0.020620489267972664
2016-04-02,2016-13,420.87,45681200.0,-0.01380166838504071
2016-04-03,2016-14,420.9,38053700.0,0.0
2016-04-04,2016-14,421.44,50634300.0,0.0012829650748396038
2016-04-05,2016-14,424.03,60718000.0,0.0074364457115705385
2016-04-06,2016-14,423.41,59091000.0,0.005963411736754631
2016-04-07,2016-14,422.75,57858600.0,0.0043953433119505725
2016-04-08,2016-14,420.35,63454700.0,-0.0013067236873365307
2016-04-09,2016-14,419.41,49792700.0,-0.0035400332620574293
2016-04-10,2016-15,421.56,73478600.0,0.0
2016-04-11,2016-15,422.48,50747500.0,0.0021823702438561465
2016-04-12,2016-15,425.19,70728800.0,0.008610873896954141
2016-04-13,2016-15,423.73,69060400.0,0.0051475472056172755
2016-04-14,2016-15,424.28,45281000.0,0.00645222506879195
2016-04-15,2016-15,429.71,54801500.0,0.019332953790682117
2016-04-16,2016-15,430.57,39392800.0,0.021372995540373863
2016-04-17,2016-16,427.4,52125900.0,0.0
2016-04-18,2016-16,428.59,55670900.0,0.0027842770238653003
2016-04-19,2016-16,435.51,52810500.0,0.01897519887693022
2016-04-20,2016-16,441.39,72890100.0,0.032732802994852594
2016-04-21,2016-16,449.43,68204700.0,0.05154422087037913
2016-04-22,2016-16,445.74,58804400.0,0.04291062236780552
2016-04-23,2016-16,450.28,50485400.0,0.05353299017313984
2016-04-24,2016-17,458.56,68198400.0,0.0
2016-04-25,2016-17,461.43,87091800.0,0.006258722958827567
2016-04-26,2016-17,466.09,78971900.0,0.01642096999302156
2016-04-27,2016-17,444.69,93564900.0,-0.030246859734822107
2016-04-28,2016-17,449.01,74064700.0,-0.02082606420097699
2016-04-29,2016-17,455.1,49258500.0,-0.007545359385903616
2016-04-30,2016-17,448.32,69322600.0,-0.022330774598743885
2016-05-01,2016-18,451.88,40660100.0,0.0
2016-05-02,2016-18,444.67,92127000.0,-0.015955563423917796
2016-05-03,2016-18,450.3,59366400.0,-0.0034965034965034336
2016-05-04,2016-18,446.72,50407300.0,-0.011418960786049315
2016-05-05,2016-18,447.98,50440800.0,-0.008630609896432606
2016-05-06,2016-18,459.6,72796800.0,0.01708418164114378
2016-05-07,2016-18,458.54,38364500.0,0.014738426130831206
2016-05-08,2016-19,458.55,40315000.0,0.0
2016-05-09,2016-19,460.48,55493100.0,0.0042089194199106394
2016-05-10,2016-19,450.89,58956100.0,-0.01670483044379023
2016-05-11,2016-19,452.73,50605200.0,-0.01269218187765786
2016-05-12,2016-19,454.77,59849300.0,-0.008243375858685065
2016-05-13,2016-19,455.67,60845000.0,-0.006280667320902822
2016-05-14,2016-19,455.67,37209000.0,-0.006280667320902822
2016-05-15,2016-20,457.57,28514000.0,0.0
2016-05-16,2016-20,454.16,59171500.0,-0.007452411652861812
2016-05-17,2016-20,453.78,64100300.0,-0.008282885678694063
2016-05-18,2016-20,454.62,86850100.0,-0.006447100990012444
2016-05-19,2016-20,438.71,96027400.0,-0.04121773717682542
2016-05-20,2016-20,442.68,81987900.0,-0.032541469064842454
2016-05-21,2016-20,443.19,42762300.0,-0.031426885503857305
2016-05-22,2016-21,439.32,39657600.0,0.0
2016-05-23,2016-21,444.15,50582500.0,0.010994263862332598
2016-05-24,2016-21,445.98,65783100.0,0.015159792406446382
2016-05-25,2016-21,449.6,65231000.0,0.02339979969043071
2016-05-26,2016-21,453.38,65203800.0,0.03200400619138666
2016-05-27,2016-21,473.46,164781000.0,0.07771100792133301
2016-05-28,2016-21,530.04,181199000.0,0.2065009560229445
2016-05-29,2016-22,526.23,148737000.0,0.0
2016-05-30,2016-22,533.86,87958700.0,0.014499363396233589
2016-05-31,2016-22,531.39,138450000.0,0.009805598312524921
2016-06-01,2016-22,536.92,86061800.0,0.020314311232730864
2016-06-02,2016-22,537.97,60378200.0,0.022309636470744687
2016-06-03,2016-22,569.19,122020000.0,0.08163730688102167
2016-06-04,2016-22,572.73,94925300.0,0.08836440339775375
2016-06-05,2016-23,574.98,68874100.0,0.0
2016-06-06,2016-23,585.54,72138900.0,0.01836585620369391
2016-06-07,2016-23,576.6,107770000.0,0.002817489303975851
2016-06-08,2016-23,581.64,80265800.0,0.01158301158301156
2016-06-09,2016-23,574.63,71301000.0,-0.000608716824933131
2016-06-10,2016-23,577.47,66991900.0,0.004330585411666421
2016-06-11,2016-23,606.73,82357000.0,0.055219311976068663
2016-06-12,2016-24,672.78,277085000.0,0.0
2016-06-13,2016-24,704.38,243295000.0,0.04696929159606422
2016-06-14,2016-24,685.56,186694000.0,0.018995808436635953
2016-06-15,2016-24,694.47,99223800.0,0.032239365022741495
2016-06-16,2016-24,766.31,271634000.0,0.13902018490442636
2016-06-17,2016-24,748.91,363321000.0,0.11315734712684677
2016-06-18,2016-24,756.23,252718000.0,0.12403757543327698
2016-06-19,2016-25,763.78,136185000.0,0.0
2016-06-20,2016-25,737.23,174511000.0,-0.03476131870433885
2016-06-21,2016-25,666.65,309944000.0,-0.12717012752363244
2016-06-22,2016-25,596.12,266393000.0,-0.21951347246589326
2016-06-23,2016-25,623.98,253462000.0,-0.18303700018329883
2016-06-24,2016-25,665.3,224317000.0,-0.12893765220351416
2016-06-25,2016-25,665.12,126656000.0,-0.12917332216083166
2016-06-26,2016-26,629.37,109225000.0,0.0
2016-06-27,2016-26,655.27,122134000.0,0.04115226337448563
2016-06-28,2016-26,647.0,138385000.0,0.02801213912325018
2016-06-29,2016-26,639.89,142456000.0,0.016715127826238962
2016-06-30,2016-26,673.34,138980000.0,0.0698635143079589
2016-07-01,2016-26,676.3,134431000.0,0.07456663012218567
2016-07-02,2016-26,703.7,112354000.0,0.11810222921334046
2016-07-03,2016-27,658.66,129512000.0,0.0
2016-07-04,2016-27,683.66,92008400.0,0.03795584975556432
2016-07-05,2016-27,670.63,130476000.0,0.018173260862964336
2016-07-06,2016-27,677.33,134961000.0,0.02834542859745559
2016-07-07,2016-27,640.56,258091000.0,-0.027480035223028554
2016-07-08,2016-27,666.52,141970000.0,0.011933319163149436
2016-07-09,2016-27,650.96,180536000.0,-0.011690401724713695
2016-07-10,2016-28,649.36,102532000.0,0.0
2016-07-11,2016-28,647.66,107910000.0,-0.0026179623013429243
2016-07-12,2016-28,664.55,138173000.0,0.02339226315141052
2016-07-13,2016-28,654.47,131449000.0,0.007869286682271825
2016-07-14,2016-28,658.08,98511400.0,0.013428606628064665
2016-07-15,2016-28,663.25,81673100.0,0.021390291979795473
2016-07-16,2016-28,660.77,50330200.0,0.017571146975483565
2016-07-17,2016-29,679.46,74407900.0,0.0
2016-07-18,2016-29,673.11,69465000.0,-0.00934565684514177
2016-07-19,2016-29,672.86,61203300.0,-0.009713596091013521
2016-07-20,2016-29,665.68,94636400.0,-0.020280811232449403
2016-07-21,2016-29,665.01,60491800.0,-0.021266888411385576
2016-07-22,2016-29,650.62,134169000.0,-0.04244547140376187
2016-07-23,2016-29,655.56,69532200.0,-0.03517499190533668
2016-07-24,2016-30,661.28,118184000.0,0.0
2016-07-25,2016-30,654.1,78176500.0,-0.010857730462134008
2016-07-26,2016-30,651.78,225135000.0,-0.014366077909508834
2016-07-27,2016-30,654.35,147461000.0,-0.010479675780304842
2016-07-28,2016-30,655.03,86428400.0,-0.009451367045729464
2016-07-29,2016-30,656.99,60703500.0,-0.006487418340188622
2016-07-30,2016-30,655.05,38456100.0,-0.009421122671183224
2016-07-31,2016-31,624.68,110818000.0,0.0
2016-08-01,2016-31,606.27,121887000.0,-0.029471089197669165
2016-08-02,2016-31,547.47,330933000.0,-0.1235992828328103
2016-08-03,2016-31,566.36,207982000.0,-0.0933598002177114
2016-08-04,2016-31,578.29,125292000.0,-0.0742620221553435
2016-08-05,2016-31,575.04,66127900.0,-0.07946468591919065
2016-08-06,2016-31,587.78,80797300.0,-0.05907024396491001
2016-08-07,2016-32,592.69,82398400.0,0.0
2016-08-08,2016-32,591.05,61194100.0,-0.00276704516695081
2016-08-09,2016-32,587.8,92228100.0,-0.008250518820968944
2016-08-10,2016-32,592.1,102905000.0,-0.0009954613710372318
2016-08-11,2016-32,589.12,74514400.0,-0.0060233849061060996
2016-08-12,2016-32,587.56,69218000.0,-0.008655452260034946
2016-08-13,2016-32,585.59,43563000.0,-0.011979280905701217
2016-08-14,2016-33,570.47,60851100.0,0.0
2016-08-15,2016-33,567.24,57262300.0,-0.005661998001647794
2016-08-16,2016-33,577.44,58405200.0,0.012217995687766381
2016-08-17,2016-33,573.22,54443000.0,0.004820586533910598
2016-08-18,2016-33,574.32,59896600.0,0.006748821147474882
2016-08-19,2016-33,575.63,50631600.0,0.009045173278174001
2016-08-20,2016-33,581.7,45301400.0,0.01968552246393318
2016-08-21,2016-34,581.31,38299400.0,0.0
2016-08-22,2016-34,586.75,72844000.0,0.009358173779910883
2016-08-23,2016-34,583.41,85349200.0,0.0036125303194509684
2016-08-24,2016-34,580.18,56328200.0,-0.0019438853623712227
2016-08-25,2016-34,577.76,136130000.0,-0.006106896492405034
2016-08-26,2016-34,579.65,48856800.0,-0.0028556192048991846
2016-08-27,2016-34,569.95,59698300.0,-0.019542068775696086
2016-08-28,2016-35,573.91,86301600.0,0.0
2016-08-29,2016-35,574.11,110398000.0,0.0003484866965204336
2016-08-30,2016-35,577.5,70342400.0,0.006255336202540596
2016-08-31,2016-35,575.47,75840900.0,0.0027181962328588494
2016-09-01,2016-35,572.3,76923400.0,-0.0028053179069889023
2016-09-02,2016-35,575.54,79910800.0,0.002840166576640879
2016-09-03,2016-35,598.21,159014000.0,0.042341133627223915
2016-09-04,2016-36,608.63,97942900.0,0.0
2016-09-05,2016-36,606.59,82446800.0,-0.0033517900859306726
2016-09-06,2016-36,610.44,78529100.0,0.0029738921840856136
2016-09-07,2016-36,614.54,75032400.0,0.009710333043063901
2016-09-08,2016-36,626.32,86713000.0,0.02906527775495804
2016-09-09,2016-36,622.86,64550200.0,0.023380378883722575
2016-09-10,2016-36,623.51,45016800.0,0.024448351215023978
2016-09-11,2016-37,606.72,73610800.0,0.0
2016-09-12,2016-37,608.24,72812300.0,0.0025052742616034074
2016-09-13,2016-37,609.24,86920600.0,0.004153481012658222
2016-09-14,2016-37,610.68,47877700.0,0.006526898734177111
2016-09-15,2016-37,607.15,59464600.0,0.0007087289029534816
2016-09-16,2016-37,606.97,64963400.0,0.0004120516877637037
2016-09-17,2016-37,605.98,37140300.0,-0.0012196729957806296
2016-09-18,2016-38,609.87,48679400.0,0.0
2016-09-19,2016-38,609.23,54796400.0,-0.0010494039713381254
2016-09-20,2016-38,608.31,72710900.0,-0.00255792218013684
2016-09-21,2016-38,597.15,82776200.0,-0.020856903930345894
2016-09-22,2016-38,596.3,67085300.0,-0.02225064357977935
2016-09-23,2016-38,602.84,51067000.0,-0.011527046747667469
2016-09-24,2016-38,602.63,35359500.0,-0.01187138242576291
2016-09-25,2016-39,600.83,33977800.0,0.0
2016-09-26,2016-39,608.04,59153800.0,0.012000066574571644
2016-09-27,2016-39,606.17,49422400.0,0.008887705340944851
2016-09-28,2016-39,604.73,48722600.0,0.006491020754622712
2016-09-29,2016-39,605.69,55658600.0,0.008088810478837694
2016-09-30,2016-39,609.74,56122400.0,0.014829485877868809
2016-10-01,2016-39,613.98,56357000.0,0.021886390493150998
2016-10-02,2016-40,610.89,39249800.0,0.0
2016-10-03,2016-40,612.13,46798300.0,0.0020298253368036256
2016-10-04,2016-40,610.2,49801600.0,-0.0011294995825761323
2016-10-05,2016-40,612.51,68077500.0,0.0026518685851790735
2016-10-06,2016-40,613.02,56812100.0,0.003486716102735432
2016-10-07,2016-40,617.12,64071400.0,0.010198235361521757
2016-10-08,2016-40,619.11,42345900.0,0.013455777635908328
2016-10-09,2016-41,616.75,39243400.0,0.0
2016-10-10,2016-41,618.99,67481100.0,0.0036319416295096385
2016-10-11,2016-41,641.07,103590000.0,0.039432509120389314
2016-10-12,2016-41,636.19,92370200.0,0.031520064856100705
2016-10-13,2016-41,636.79,61620700.0,0.0324929063640047
2016-10-14,2016-41,640.38,58144600.0,0.03831374138629906
2016-10-15,2016-41,638.65,39035400.0,0.035508715038508276
2016-10-16,2016-42,641.63,40298100.0,0.0
2016-10-17,2016-42,639.19,58063600.0,-0.0038028147062948436
2016-10-18,2016-42,637.96,65546700.0,-0.0057198073656156145
2016-10-19,2016-42,630.52,69381700.0,-0.017315275158580556
2016-10-20,2016-42,630.86,56957300.0,-0.01678537474868691
2016-10-21,2016-42,632.83,55951000.0,-0.013715069432538973
2016-10-22,2016-42,657.29,78556500.0,0.024406589467450113
2016-10-23,2016-43,657.07,54474600.0,0.0
2016-10-24,2016-43,653.76,62218200.0,-0.0050375150288402
2016-10-25,2016-43,657.59,90378800.0,0.0007913920891229331
2016-10-26,2016-43,678.3,88877100.0,0.032310103946306956
2016-10-27,2016-43,688.31,96105300.0,0.04754440166192331
2016-10-28,2016-43,689.65,81145500.0,0.049583758199278405
2016-10-29,2016-43,714.48,134761000.0,0.08737273045489813
2016-10-30,2016-44,701.86,100665000.0,0.0
2016-10-31,2016-44,700.97,97064400.0,-0.0012680591570968236
2016-11-01,2016-44,729.79,130527000.0,0.03979426096372496
2016-11-02,2016-44,740.83,84865200.0,0.05552389365400501
2016-11-03,2016-44,688.7,172808000.0,-0.018750178098196124
2016-11-04,2016-44,703.24,99907700.0,0.001966204086285117
2016-11-05,2016-44,703.42,53752300.0,0.002222665488843756
2016-11-06,2016-45,711.52,59902200.0,0.0
2016-11-07,2016-45,703.13,65047100.0,-0.011791657297054225
2016-11-08,2016-45,709.85,79660800.0,-0.0023470879244433807
2016-11-09,2016-45,723.27,132429000.0,0.016513941983359537
2016-11-10,2016-45,715.53,68807800.0,0.005635821902406191
2016-11-11,2016-45,716.41,63119700.0,0.006872610748819508
2016-11-12,2016-45,705.05,64622500.0,-0.009093208904879746
2016-11-13,2016-46,702.03,80318100.0,0.0
2016-11-14,2016-46,705.02,62993000.0,0.004259077247411147
2016-11-15,2016-46,711.62,72038500.0,0.013660384883837029
2016-11-16,2016-46,744.2,141294000.0,0.060068658034557076
2016-11-17,2016-46,740.98,108579000.0,0.05548195946042189
2016-11-18,2016-46,751.59,87363100.0,0.07059527370625185
2016-11-19,2016-46,751.62,110608000.0,0.07063800692278122
2016-11-20,2016-47,731.03,154116000.0,0.0
2016-11-21,2016-47,739.25,60802400.0,0.011244408574203613
2016-11-22,2016-47,751.35,129906000.0,0.027796396864697925
2016-11-23,2016-47,744.59,76543800.0,0.018549170348686195
2016-11-24,2016-47,740.29,85919300.0,0.012667058807436016
2016-11-25,2016-47,741.65,67807600.0,0.014527447573970953
2016-11-26,2016-47,735.38,54962700.0,0.00595050818707854
2016-11-27,2016-48,732.03,52601800.0,0.0
2016-11-28,2016-48,735.81,61888600.0,0.005163722798245951
2016-11-29,2016-48,735.6,68511100.0,0.004876849309454645
2016-11-30,2016-48,745.69,84070800.0,0.018660437413767328
2016-12-01,2016-48,756.77,80461900.0,0.03379642910809677
2016-12-02,2016-48,777.94,127605000.0,0.0627160089067389
2016-12-03,2016-48,771.15,69547300.0,0.05344043276914889
2016-12-04,2016-49,773.87,60557900.0,0.0
2016-12-05,2016-49,758.7,106363000.0,-0.019602775659994465
2016-12-06,2016-49,764.22,116218000.0,-0.012469794668355072
2016-12-07,2016-49,768.13,96426100.0,-0.0074172664659438725
2016-12-08,2016-49,770.81,80111900.0,-0.003954152506234987
2016-12-09,2016-49,772.79,68705300.0,-0.0013955832374946686
2016-12-10,2016-49,774.65,53843100.0,0.001007921227079489
2016-12-11,2016-50,769.73,57313400.0,0.0
2016-12-12,2016-50,780.09,76571000.0,0.01345926493705596
2016-12-13,2016-50,780.56,81645600.0,0.014069868655242734
2016-12-14,2016-50,781.48,75979000.0,0.015265092954672488
2016-12-15,2016-50,778.09,81580100.0,0.010860951242643635
2016-12-16,2016-50,784.91,83608200.0,0.0197212009405896
2016-12-17,2016-50,790.83,78989800.0,0.027412209476050053
2016-12-18,2016-51,790.53,60524400.0,0.0
2016-12-19,2016-51,792.71,74886400.0,0.0027576436061882426
2016-12-20,2016-51,800.88,99629300.0,0.013092482258737936
2016-12-21,2016-51,834.28,155576000.0,0.055342618243456876
2016-12-22,2016-51,864.54,200027000.0,0.09362073545595995
2016-12-23,2016-51,921.98,275564000.0,0.1662808495566266
2016-12-24,2016-51,898.82,137727000.0,0.13698404867620462
2016-12-25,2016-52,896.18,143665000.0,0.0
2016-12-26,2016-52,907.61,123771000.0,0.01275413421410887
2016-12-27,2016-52,933.2,167308000.0,0.04130866566984315
2016-12-28,2016-52,975.92,236630000.0,0.08897766073779811
2016-12-29,2016-52,973.5,199320000.0,0.08627731036175779
2016-12-30,2016-52,961.24,187474000.0,0.07259702291950276
2016-12-31,2016-52,963.74,99135100.0,0.07538664107656956
2017-01-01,2017-01,998.33,147775000.0,0.0
2017-01-02,2017-01,1021.75,222185000.0,0.0234591768252983
2017-01-03,2017-01,1043.84,185168000.0,0.04558612883515467
2017-01-04,2017-01,1154.73,344946000.0,0.1566616249136057
2017-01-05,2017-01,1013.38,510199000.0,0.015075175543157071
2017-01-06,2017-01,902.2,351876000.0,-0.0962908056454278
2017-01-07,2017-01,908.59,279550000.0,-0.08989011649454592
2017-01-08,2017-02,911.2,158715000.0,0.0
2017-01-09,2017-02,902.83,141877000.0,-0.00918568920105356
2017-01-10,2017-02,907.68,115808000.0,-0.0038630377524144777
2017-01-11,2017-02,777.76,310929000.0,-0.14644424934152767
2017-01-12,2017-02,804.83,222326000.0,-0.11673617208077258
2017-01-13,2017-02,823.98,168968000.0,-0.09571992976294996
2017-01-14,2017-02,818.41,93063300.0,-0.10183274802458309
2017-01-15,2017-03,821.8,71013600.0,0.0
2017-01-16,2017-03,831.53,82755200.0,0.011839863713799081
2017-01-17,2017-03,907.94,155095000.0,0.1048186906789974
2017-01-18,2017-03,886.62,225677000.0,0.07887563884156745
2017-01-19,2017-03,899.07,105625000.0,0.0940253102944757
2017-01-20,2017-03,895.03,86728400.0,0.08910927232903387
2017-01-21,2017-03,921.79,111158000.0,0.12167193964468237
2017-01-22,2017-04,924.67,116573000.0,0.0
2017-01-23,2017-04,921.01,73588600.0,-0.003958168860242028
2017-01-24,2017-04,892.69,111349000.0,-0.034585311516540984
2017-01-25,2017-04,901.54,120831000.0,-0.025014329436447547
2017-01-26,2017-04,917.59,131958000.0,-0.007656785664074683
2017-01-27,2017-04,919.75,125594000.0,-0.005320817156390878
2017-01-28,2017-04,921.59,68979600.0,-0.0033309180572528296
2017-01-29,2017-05,919.5,60851700.0,0.0
2017-01-30,2017-05,920.38,78227300.0,0.0009570418705817652
2017-01-31,2017-05,970.4,164582000.0,0.05535617183251773
2017-02-01,2017-05,989.02,150110000.0,0.07560630777596522
2017-02-02,2017-05,1011.8,145821000.0,0.10038064165307237
2017-02-03,2017-05,1029.91,201278000.0,0.12007612833061465
2017-02-04,2017-05,1042.9,155064000.0,0.13420337139749883
2017-02-05,2017-06,1027.34,114208000.0,0.0
2017-02-06,2017-06,1038.15,111762000.0,0.010522319777289013
2017-02-07,2017-06,1061.35,146007000.0,0.03310491171374608
2017-02-08,2017-06,1063.07,201855000.0,0.03477913835731106
2017-02-09,2017-06,994.38,407220000.0,-0.03208285475110473
2017-02-10,2017-06,988.67,190452000.0,-0.03764089785270697
2017-02-11,2017-06,1004.45,102261000.0,-0.022280841785582095
2017-02-12,2017-07,999.18,67530000.0,0.0
2017-02-13,2017-07,990.64,100607000.0,-0.008547008547008517
2017-02-14,2017-07,1004.55,137946000.0,0.005374407013751359
2017-02-15,2017-07,1007.48,89759400.0,0.008306811585500284
2017-02-16,2017-07,1027.44,122277000.0,0.028283192217618547
2017-02-17,2017-07,1046.21,136474000.0,0.04706859624892412
2017-02-18,2017-07,1054.42,99073500.0,0.0552853339738586
2017-02-19,2017-08,1047.87,77423300.0,0.0
2017-02-20,2017-08,1079.98,109478000.0,0.03064311412675247
2017-02-21,2017-08,1115.3,186869000.0,0.06434958534932766
2017-02-22,2017-08,1117.44,136100000.0,0.06639182341320993
2017-02-23,2017-08,1166.72,189454000.0,0.11342055789363203
2017-02-24,2017-08,1173.68,330759000.0,0.12006260318550988
2017-02-25,2017-08,1143.84,139961000.0,0.09158578831343589
2017-02-26,2017-09,1165.2,116486000.0,0.0
2017-02-27,2017-09,1179.97,131570000.0,0.012675935461723187
2017-02-28,2017-09,1179.97,184956000.0,0.012675935461723187
2017-03-01,2017-09,1222.5,229057000.0,0.04917610710607612
2017-03-02,2017-09,1251.01,368275000.0,0.07364400961208362
2017-03-03,2017-09,1274.99,315739000.0,0.09422416752488849
2017-03-04,2017-09,1255.15,183270000.0,0.07719704771713021
2017-03-05,2017-10,1267.12,134127000.0,0.0
2017-03-06,2017-10,1272.83,153657000.0,0.004506281962245229
2017-03-07,2017-10,1223.54,291256000.0,-0.034392954100637585
2017-03-08,2017-10,1150.0,332603000.0,-0.09243007765641764
2017-03-09,2017-10,1188.49,212283000.0,-0.062054106951196286
2017-03-10,2017-10,1116.72,563796000.0,-0.11869436201780403
2017-03-11,2017-10,1175.83,283320000.0,-0.07204526800934397
2017-03-12,2017-11,1221.38,227176000.0,0.0
2017-03-13,2017-11,1231.92,380277000.0,0.008629582930783197
2017-03-14,2017-11,1240.0,245306000.0,0.015245050680377847
2017-03-15,2017-11,1249.61,297805000.0,0.023113199823150632
2017-03-16,2017-11,1187.81,638568000.0,-0.027485303509145576
2017-03-17,2017-11,1100.23,706599000.0,-0.09919107894349022
2017-03-18,2017-11,973.82,621302000.0,-0.2026887618922858
2017-03-19,2017-12,1036.74,406648000.0,0.0
2017-03-20,2017-12,1054.23,286530000.0,0.01687018924706285
2017-03-21,2017-12,1120.54,337391000.0,0.08083029496305727
2017-03-22,2017-12,1049.14,380841000.0,0.011960568705750907
2017-03-23,2017-12,1038.59,248540000.0,0.0017844396859385547
2017-03-24,2017-12,937.52,491038000.0,-0.09570384088585371
2017-03-25,2017-12,972.78,435803000.0,-0.06169338503385613
2017-03-26,2017-13,966.73,303668000.0,0.0
2017-03-27,2017-13,1045.77,372535000.0,0.08176016054120594
2017-03-28,2017-13,1047.15,326332000.0,0.08318765322272004
2017-03-29,2017-13,1039.97,298458000.0,0.07576055361890077
2017-03-30,2017-13,1026.43,352969000.0,0.06175457470027834
2017-03-31,2017-13,1071.79,447287000.0,0.10867563849265038
2017-04-01,2017-13,1080.5,289634000.0,0.11768539302597425
2017-04-02,2017-14,1102.17,514187000.0,0.0
2017-04-03,2017-14,1143.81,580444000.0,0.03778001578703827
2017-04-04,2017-14,1133.25,436310000.0,0.02819891668254426
2017-04-05,2017-14,1124.78,414784000.0,0.02051407677581496
2017-04-06,2017-14,1182.68,511222000.0,0.07304680766125005
2017-04-07,2017-14,1176.9,317022000.0,0.0678026075832221
2017-04-08,2017-14,1175.95,209312000.0,0.06694067158423844
2017-04-09,2017-15,1187.87,242343000.0,0.0
2017-04-10,2017-15,1187.13,215883000.0,-0.0006229637923339526
2017-04-11,2017-15,1205.01,216182000.0,0.01442918837919982
2017-04-12,2017-15,1200.37,288702000.0,0.010523037032671878
2017-04-13,2017-15,1169.28,351969000.0,-0.015649860674989635
2017-04-14,2017-15,1167.54,254827000.0,-0.017114667429937613
2017-04-15,2017-15,1172.52,203559000.0,-0.012922289476121063
2017-04-16,2017-16,1182.94,183231000.0,0.0
2017-04-17,2017-16,1193.91,253206000.0,0.00927350499602686
2017-04-18,2017-16,1211.67,270524000.0,0.024286946083486916
2017-04-19,2017-16,1210.29,288061000.0,0.023120361134123302
2017-04-20,2017-16,1229.08,315108000.0,0.03900451417654316
2017-04-21,2017-16,1222.05,272167000.0,0.03306169374609014
2017-04-22,2017-16,1231.71,249320000.0,0.041227788391634324
2017-04-23,2017-17,1207.21,258951000.0,0.0
2017-04-24,2017-17,1250.15,235806000.0,0.035569619204612435
2017-04-25,2017-17,1265.49,242556000.0,0.048276604733227924
2017-04-26,2017-17,1281.08,329631000.0,0.061190679334995446
2017-04-27,2017-17,1317.73,449197000.0,0.09154993745909978
2017-04-28,2017-17,1316.48,527489000.0,0.09051449209333917
2017-04-29,2017-17,1321.79,422706000.0,0.09491306400709076
2017-04-30,2017-18,1347.89,413115000.0,0.0
2017-05-01,2017-18,1421.6,713624000.0,0.054685471366357596
2017-05-02,2017-18,1452.82,477338000.0,0.07784759883966785
2017-05-03,2017-18,1490.09,583796000.0,0.10549822314877311
2017-05-04,2017-18,1537.67,933549000.0,0.1407978395863163
2017-05-05,2017-18,1555.45,946036000.0,0.15398882698143024
2017-05-06,2017-18,1578.8,582530000.0,0.17131219906668926
2017-05-07,2017-19,1596.71,1080030000.0,0.0
2017-05-08,2017-19,1723.35,1340320000.0,0.07931308753624622
2017-05-09,2017-19,1755.36,1167920000.0,0.09936056015181216
2017-05-10,2017-19,1787.13,915723000.0,0.11925772369434662
2017-05-11,2017-19,1848.57,799490000.0,0.1577368463903901
2017-05-12,2017-19,1724.24,740984000.0,0.07987048368207117
2017-05-13,2017-19,1804.91,579635000.0,0.13039312085475752
2017-05-14,2017-20,1808.91,437196000.0,0.0
2017-05-15,2017-20,1738.43,731529000.0,-0.03896269023887311
2017-05-16,2017-20,1734.45,959045000.0,-0.041162910260875374
2017-05-17,2017-20,1839.09,1064730000.0,0.01668408046834835
2017-05-18,2017-20,1888.65,894321000.0,0.04408179511418475
2017-05-19,2017-20,1987.71,1157290000.0,0.09884405525979734
2017-05-20,2017-20,2084.73,961336000.0,0.15247856443935848
2017-05-21,2017-21,2041.2,1147860000.0,0.0
2017-05-22,2017-21,2173.4,1942220000.0,0.06476582402508324
2017-05-23,2017-21,2320.42,1378750000.0,0.1367920830883793
2017-05-24,2017-21,2443.64,1725380000.0,0.19715853419557106
2017-05-25,2017-21,2304.98,2406700000.0,0.12922790515383098
2017-05-26,2017-21,2202.42,1763480000.0,0.0789829512051734
2017-05-27,2017-21,2038.87,1700480000.0,-0.0011414854007447683
2017-05-28,2017-22,2155.8,1147140000.0,0.0
2017-05-29,2017-22,2255.61,994625000.0,0.04629835791817416
2017-05-30,2017-22,2175.47,1443970000.0,0.009124223026254485
2017-05-31,2017-22,2286.41,1544830000.0,0.06058539753223835
2017-06-01,2017-22,2407.88,1653180000.0,0.11693106967251121
2017-06-02,2017-22,2488.55,1317030000.0,0.15435105297337404
2017-06-03,2017-22,2515.35,1514950000.0,0.1667826328973001
2017-06-04,2017-23,2511.81,1355120000.0,0.0
2017-06-05,2017-23,2686.81,1369310000.0,0.06967087478750389
2017-06-06,2017-23,2863.2,2089610000.0,0.13989513538046272
2017-06-07,2017-23,2732.16,1517710000.0,0.08772558433957989
2017-06-08,2017-23,2805.62,1281170000.0,0.11697142697895146
2017-06-09,2017-23,2823.81,1348950000.0,0.12421321676400687
2017-06-10,2017-23,2947.71,2018890000.0,0.17354019611355964
2017-06-11,2017-24,2958.11,1752400000.0,0.0
2017-06-12,2017-24,2659.63,2569530000.0,-0.10090226529777457
2017-06-13,2017-24,2717.02,1781200000.0,-0.08150136404663788
2017-06-14,2017-24,2506.37,1696560000.0,-0.15271237377920366
2017-06-15,2017-24,2464.58,2026260000.0,-0.1668396374712232
2017-06-16,2017-24,2518.56,1195190000.0,-0.14859149930191917
2017-06-17,2017-24,2655.88,1534510000.0,-0.10216996663410083
2017-06-18,2017-25,2548.29,1178660000.0,0.0
2017-06-19,2017-25,2589.6,1446840000.0,0.016210870819255208
2017-06-20,2017-25,2721.79,1854190000.0,0.06808487260084206
2017-06-21,2017-25,2689.1,1626580000.0,0.055256662310804394
2017-06-22,2017-25,2705.41,1097940000.0,0.061657032755298546
2017-06-23,2017-25,2744.91,961319000.0,0.07715762334742116
2017-06-24,2017-25,2608.72,982750000.0,0.02371394150587247
2017-06-25,2017-26,2589.41,1161100000.0,0.0
2017-06-26,2017-26,2478.45,1663280000.0,-0.04285146037128151
2017-06-27,2017-26,2552.45,1489790000.0,-0.014273521767506847
2017-06-28,2017-26,2574.79,1183870000.0,-0.005646073816042985
2017-06-29,2017-26,2539.32,949979000.0,-0.01934417492787921
2017-06-30,2017-26,2480.84,860273000.0,-0.04192847019205137
2017-07-01,2017-26,2434.55,779914000.0,-0.0598051293537909
2017-07-02,2017-27,2506.47,803747000.0,0.0
2017-07-03,2017-27,2564.06,964112000.0,0.022976536722961072
2017-07-04,2017-27,2601.64,985516000.0,0.037969734327560234
2017-07-05,2017-27,2601.99,941566000.0,0.038109372942823905
2017-07-06,2017-27,2608.56,761957000.0,0.04073058923505979
2017-07-07,2017-27,2518.66,917412000.0,0.004863413485898471
2017-07-08,2017-27,2571.34,733330000.0,0.025881019920446002
2017-07-09,2017-28,2518.44,527856000.0,0.0
2017-07-10,2017-28,2372.56,1111200000.0,-0.05792474706564388
2017-07-11,2017-28,2337.79,1329760000.0,-0.07173091278728105
2017-07-12,2017-28,2398.84,1117410000.0,-0.04748971585584727
2017-07-13,2017-28,2357.9,835770000.0,-0.06374581089881037
2017-07-14,2017-28,2233.34,882503000.0,-0.11320499992058575
2017-07-15,2017-28,1998.86,993608000.0,-0.20631025555502613
2017-07-16,2017-29,1929.82,1182870000.0,0.0
2017-07-17,2017-29,2228.41,1201760000.0,0.15472427480283124
2017-07-18,2017-29,2318.88,1512450000.0,0.20160429470106034
2017-07-19,2017-29,2273.43,1245100000.0,0.17805287539770553
2017-07-20,2017-29,2817.6,2249260000.0,0.460032541895099
2017-07-21,2017-29,2667.76,1489450000.0,0.3823879947352604
2017-07-22,2017-29,2810.12,1177130000.0,0.4561565327336228
2017-07-23,2017-30,2730.4,1072840000.0,0.0
2017-07-24,2017-30,2754.86,866474000.0,0.008958394374450673
2017-07-25,2017-30,2576.48,1460090000.0,-0.056372692645766165
2017-07-26,2017-30,2529.45,937404000.0,-0.07359727512452396
2017-07-27,2017-30,2671.78,789104000.0,-0.02146938177556401
2017-07-28,2017-30,2809.01,1380100000.0,0.02879065338411957
2017-07-29,2017-30,2726.45,803746000.0,-0.0014466744799297437
2017-07-30,2017-31,2757.18,705943000.0,0.0
2017-07-31,2017-31,2875.34,860575000.0,0.042855381222843825
2017-08-01,2017-31,2718.26,1324670000.0,-0.014115872014159203
2017-08-02,2017-31,2710.67,1094950000.0,-0.016868684670569123
2017-08-03,2017-31,2804.73,804797000.0,0.017245881661697826
2017-08-04,2017-31,2895.89,1002120000.0,0.0503086486917792
2017-08-05,2017-31,3252.91,1945700000.0,0.17979602347325896
2017-08-06,2017-32,3213.94,1105030000.0,0.0
2017-08-07,2017-32,3378.94,1482280000.0,0.05133885511241654
2017-08-08,2017-32,3419.94,1752760000.0,0.06409578274641103
2017-08-09,2017-32,3342.47,1468960000.0,0.039991412409690286
2017-08-10,2017-32,3381.28,1515110000.0,0.052066933421283546
2017-08-11,2017-32,3650.62,2021190000.0,0.1358706136393335
2017-08-12,2017-32,3884.71,2219590000.0,0.208706447537913
2017-08-13,2017-33,4073.26,3159090000.0,0.0
2017-08-14,2017-33,4325.13,2463090000.0,0.06183499211933441
2017-08-15,2017-33,4181.93,3258050000.0,0.02667887637911659
2017-08-16,2017-33,4376.63,2272040000.0,0.07447842759853285
2017-08-17,2017-33,4331.69,2553360000.0,0.06344549574542246
2017-08-18,2017-33,4160.62,2941710000.0,0.021447194630345168
2017-08-19,2017-33,4193.7,2975820000.0,0.029568453769216685
2017-08-20,2017-34,4087.66,2109770000.0,0.0
2017-08-21,2017-34,4001.74,2800890000.0,-0.021019360710039514
2017-08-22,2017-34,4100.52,3764240000.0,0.003146054221730976
2017-08-23,2017-34,4151.52,2369820000.0,0.015622630062187337
2017-08-24,2017-34,4334.68,2037750000.0,0.060430662041363714
2017-08-25,2017-34,4371.6,1727970000.0,0.06946272439488621
2017-08-26,2017-34,4352.4,1511610000.0,0.06476566054906718
2017-08-27,2017-35,4382.88,1537460000.0,0.0
2017-08-28,2017-35,4382.66,1959330000.0,-5.01953053700932e-05
2017-08-29,2017-35,4579.02,2486080000.0,0.04475139634213132
2017-08-30,2017-35,4565.3,1937850000.0,0.04162103457087585
2017-08-31,2017-35,4703.39,1944930000.0,0.07312771510969962
2017-09-01,2017-35,4892.01,2599080000.0,0.11616334465009315
2017-09-02,2017-35,4578.77,2722140000.0,0.044694356222392706
2017-09-03,2017-36,4582.96,1933190000.0,0.0
2017-09-04,2017-36,4236.31,2987330000.0,-0.07563888840400079
2017-09-05,2017-36,4376.53,2697970000.0,-0.0450429416796132
2017-09-06,2017-36,4597.12,2172100000.0,0.003089706216069965
2017-09-07,2017-36,4599.88,1844620000.0,0.003691937088693864
2017-09-08,2017-36,4228.75,2700890000.0,-0.07728847731597044
2017-09-09,2017-36,4226.06,1386230000.0,-0.07787543421718701
2017-09-10,2017-37,4122.94,1679090000.0,0.0
2017-09-11,2017-37,4161.27,1557330000.0,0.009296763959698806
2017-09-12,2017-37,4130.81,1864530000.0,0.0019088320470346254
2017-09-13,2017-37,3882.59,2219410000.0,-0.058295779225503996
2017-09-14,2017-37,3154.95,2716310000.0,-0.2347814908778687
2017-09-15,2017-37,3637.52,4148070000.0,-0.11773637258849257
2017-09-16,2017-37,3625.04,1818400000.0,-0.12076333878251921
2017-09-17,2017-38,3582.88,1239150000.0,0.0
2017-09-18,2017-38,4065.2,1943210000.0,0.13461796096994583
2017-09-19,2017-38,3924.97,1563980000.0,0.09547905595498585
2017-09-20,2017-38,3905.95,1213830000.0,0.09017047738132433
2017-09-21,2017-38,3631.04,1411480000.0,0.013441700531416023
2017-09-22,2017-38,3630.7,1194830000.0,0.013346804805072887
2017-09-23,2017-38,3792.4,928114000.0,0.05847809583351937
2017-09-24,2017-39,3682.84,768015000.0,0.0
2017-09-25,2017-39,3926.07,1374210000.0,0.06604413984859514
2017-09-26,2017-39,3892.35,1043740000.0,0.05688816239641148
2017-09-27,2017-39,4200.67,1686880000.0,0.1406061626353574
2017-09-28,2017-39,4174.73,1712320000.0,0.13356268531893845
2017-09-29,2017-39,4163.07,1367050000.0,0.1303966504110956
2017-09-30,2017-39,4338.71,1207450000.0,0.17808810591825863
2017-10-01,2017-40,4403.74,1208210000.0,0.0
2017-10-02,2017-40,4409.32,1431730000.0,0.00126710477911951
2017-10-03,2017-40,4317.48,1288020000.0,-0.019587895743163775
2017-10-04,2017-40,4229.36,1116770000.0,-0.03959815974603409
2017-10-05,2017-40,4328.41,1161770000.0,-0.017105914518114163
2017-10-06,2017-40,4370.81,1069940000.0,-0.007477734834481442
2017-10-07,2017-40,4426.89,906928000.0,0.005256895275379758
2017-10-08,2017-41,4610.48,1313870000.0,0.0
2017-10-09,2017-41,4772.02,1968740000.0,0.03503756658742718
2017-10-10,2017-41,4781.99,1597140000.0,0.0372000312331906
2017-10-11,2017-41,4826.48,1222280000.0,0.046849785705609825
2017-10-12,2017-41,5446.91,2791610000.0,0.18141928823029274
2017-10-13,2017-41,5647.21,3615480000.0,0.2248637885860041
2017-10-14,2017-41,5831.79,1669030000.0,0.264898665648696
2017-10-15,2017-42,5678.19,1976040000.0,0.0
2017-10-16,2017-42,5725.59,2008070000.0,0.008347730526805375
2017-10-17,2017-42,5605.51,1821570000.0,-0.012799853474434575
2017-10-18,2017-42,5590.69,2399270000.0,-0.015409840107499018
2017-10-19,2017-42,5708.52,1780540000.0,0.005341490862405207
2017-10-20,2017-42,6011.45,2354430000.0,0.058691237876858704
2017-10-21,2017-42,6031.6,2207100000.0,0.06223990391304279
2017-10-22,2017-43,6008.42,2034630000.0,0.0
2017-10-23,2017-43,5930.32,2401840000.0,-0.012998425542821601
2017-10-24,2017-43,5526.64,2735700000.0,-0.08018414158797149
2017-10-25,2017-43,5750.8,1966990000.0,-0.04287649664970161
2017-10-26,2017-43,5904.83,1905040000.0,-0.01724080540308437
2017-10-27,2017-43,5780.9,1710130000.0,-0.03786686017289076
2017-10-28,2017-43,5753.09,1403920000.0,-0.04249536483801064
2017-10-29,2017-44,6153.85,2859040000.0,0.0
2017-10-30,2017-44,6130.53,1772150000.0,-0.0037894976315641093
2017-10-31,2017-44,6468.4,2311380000.0,0.05111434305353546
2017-11-01,2017-44,6767.31,2870320000.0,0.09968718769550766
2017-11-02,2017-44,7078.5,4653770000.0,0.1502555310902931
2017-11-03,2017-44,7207.76,3369860000.0,0.1712602679623325
2017-11-04,2017-44,7379.95,2483800000.0,0.1992411254742965
2017-11-05,2017-45,7407.41,2380410000.0,0.0
2017-11-06,2017-45,7022.76,3111900000.0,-0.051927731825293866
2017-11-07,2017-45,7144.38,2326340000.0,-0.035509037571836766
